Meta_Alert_ID,Confidence
111,84.3
123,45.345566778
4583,100.000
43,78.2311111111113
72,2.34
202,43.4667231113
51,57.00000000000000000001
80,0.0827465
118,68.345672
232,34.231